1616208658,iLtc,lab4,main,1b52031cb0e815f498051870f95bd46c448ab560,100
1616443401,ksmaybe,lab4,main,1b52031cb0e815f498051870f95bd46c448ab560,100
1616629549,Readw1,lab4,main,1b52031cb0e815f498051870f95bd46c448ab560,100
1616629576,Luolingwei,lab4,main,1b52031cb0e815f498051870f95bd46c448ab560,100
1616629608,ameymhadgut,lab4,main,1b52031cb0e815f498051870f95bd46c448ab560,100
1616629631,freshao,lab4,main,1b52031cb0e815f498051870f95bd46c448ab560,100
1616629656,JackXu0,lab4,main,1b52031cb0e815f498051870f95bd46c448ab560,100
1616629676,kmish0923,lab4,main,1b52031cb0e815f498051870f95bd46c448ab560,100
1616629706,diogocvieira,lab4,main,1b52031cb0e815f498051870f95bd46c448ab560,100
1616767594,nickfang96,lab4,main,1b52031cb0e815f498051870f95bd46c448ab560,100
1616767622,Rutvi-Malaviya,lab4,main,1b52031cb0e815f498051870f95bd46c448ab560,100
1616767645,EAirPeter,lab4,main,1b52031cb0e815f498051870f95bd46c448ab560,100
1616767669,yt2097,lab4,main,1b52031cb0e815f498051870f95bd46c448ab560,100
1616767688,Mirage30,lab4,main,1b52031cb0e815f498051870f95bd46c448ab560,100
1616767717,yf1357,lab4,main,1b52031cb0e815f498051870f95bd46c448ab560,100
1616767739,XxwizxX,lab4,main,1b52031cb0e815f498051870f95bd46c448ab560,100
1616767761,huyuxuan2020,lab4,main,1b52031cb0e815f498051870f95bd46c448ab560,100
